County;Site;parnr;Lupin;Species;Veghgt.avg;Litt.avg;Light;Moisture;pH;Nitrogen;Family;Sp.length;Management.dependent;Occurrences
Uppsala;Backa;1;No;Anemone nemorosa;23,75;0,2;4;5;4;6;Ranunculaceae;19;-1;6
Uppsala;Backa;1;No;Campanula patula;23,75;0,2;6;3;4;4;Campanulaceae;45;1;1
Uppsala;Backa;1;No;Carex pallescens;23,75;0,2;5;5;3;4;Cyperaceae;42,5;1;1
Uppsala;Backa;1;No;Cirsium arvense;23,75;0,2;6;5;5;7;Asteraceae;95;-1;8
Uppsala;Backa;1;No;Equisetum arvense;23,75;0,2;5;4;6;5;Equisetaceae;30;0;8
Uppsala;Backa;1;No;Fragaria vesca;23,75;0,2;4;4;5;4;Rosaceae;12,5;0;12
Uppsala;Backa;1;No;Gallium mollugo;23,75;0,2;5;3;5;5;Rubiaceae;65;0;9
Uppsala;Backa;1;No;Hieracium umbellatum;23,75;0,2;6;3;4;4;Asteraceae;52,5;0;4
Uppsala;Backa;1;No;Lathyrus linifolius;23,75;0,2;4;3;3;3;Fabaceae;25;1;14
Uppsala;Backa;1;No;Lathyrus pratensis;23,75;0,2;6;5;5;5;Fabaceae;60;1;6
Uppsala;Backa;1;No;Luzula multiflora;23,75;0,2;5;3;4;4;Juncaceae;30;2;2
Uppsala;Backa;1;No;Luzula pilosa;23,75;0,2;3;4;2;4;Juncaceae;17,5;0;12
Uppsala;Backa;1;No;Noccaea caerulescens;23,75;0,2;5;2;4;3;Brassicaceae;22,5;2;1
Uppsala;Backa;1;No;Ranunculus acris subsp. acris;23,75;0,2;5;5;4;7;Ranunculaceae;45;1;1
Uppsala;Backa;1;No;Rubus idaeus;23,75;0,2;5;5;3;6;Rosaceae;125;-1;5
Uppsala;Backa;1;No;Rumex acetosa;23,75;0,2;6;5;5;6;Polygonaceae;60;1;2
Uppsala;Backa;1;No;Rumex acetosella;23,75;0,2;6;2;3;2;Polygonaceae;25;2;2
Uppsala;Backa;1;No;Stellaria graminea;23,75;0,2;5;4;5;4;Caryophyllaceae;20;1;2
Uppsala;Backa;1;No;Veronica chamaedrys;23,75;0,2;4;4;5;5;Plantaginaceae;20;1;10
Uppsala;Backa;1;No;Veronica officinalis;23,75;0,2;5;3;5;5;Plantaginaceae;20;0;4
Uppsala;Backa;1;Yes;Alchemilla vulgaris;76,25;2,2;NA;NA;NA;NA;Rosaceae;25;1;3
Uppsala;Backa;1;Yes;Cirsium arvense;76,25;2,2;6;5;5;7;Asteraceae;95;-1;7
Uppsala;Backa;1;Yes;Fragaria vesca;76,25;2,2;4;4;5;4;Rosaceae;12,5;0;7
Uppsala;Backa;1;Yes;Hieracium umbellatum;76,25;2,2;6;3;4;4;Asteraceae;52,5;0;2
Uppsala;Backa;1;Yes;Lathyrus linifolius;76,25;2,2;4;3;3;3;Fabaceae;25;1;1
Uppsala;Backa;1;Yes;Lupinus polyphyllus;76,25;2,2;5;3;2;2;Fabaceae;85;-1;16
Uppsala;Backa;1;Yes;Luzula pilosa;76,25;2,2;3;4;2;4;Juncaceae;17,5;0;2
Uppsala;Backa;1;Yes;Noccaea caerulescens;76,25;2,2;5;2;4;3;Brassicaceae;22,5;2;1
Uppsala;Backa;1;Yes;Prunella vulgaris;76,25;2,2;5;6;6;5;Lamiaceae;15;2;4
Uppsala;Backa;1;Yes;Ranunculus acris subsp. acris;76,25;2,2;5;5;4;7;Ranunculaceae;45;1;1
Uppsala;Backa;1;Yes;Rumex acetosa;76,25;2,2;6;5;5;6;Polygonaceae;60;1;1
Uppsala;Backa;1;Yes;Stellaria graminea;76,25;2,2;5;4;5;4;Caryophyllaceae;20;1;11
Uppsala;Backa;1;Yes;Taraxacum;76,25;2,2;NA;NA;NA;NA;Asteraceae;NA;1;1
Uppsala;Backa;1;Yes;Trifolium pratense;76,25;2,2;5;5;6;4;Fabaceae;37,5;1;1
Uppsala;Backa;1;Yes;Veronica chamaedrys;76,25;2,2;4;4;5;5;Plantaginaceae;20;1;11
Uppsala;Backa;1;Yes;Viola canina;76,25;2,2;5;4;3;2;Violaceae;12,5;0;3
Uppsala;Brobacke;1;No;Achillea millefolium;4,375;0;6;2;5;5;Asteraceae;45;1;3
Uppsala;Brobacke;1;No;Achillea ptarmica;4,375;0;5;6;4;4;Asteraceae;40;1;14
Uppsala;Brobacke;1;No;Cirsium arvense;4,375;0;6;5;5;7;Asteraceae;95;-1;1
Uppsala;Brobacke;1;No;Equisetum arvense;4,375;0;5;4;6;5;Equisetaceae;30;0;2
Uppsala;Brobacke;1;No;Euphrasia nemorosa;4,375;0;5;5;3;1;Orobanchaceae;12,5;2;14
Uppsala;Brobacke;1;No;Filipendula ulmaria;4,375;0;5;8;5;8;Rosaceae;100;0;2
Uppsala;Brobacke;1;No;Gallium mollugo;4,375;0;5;3;5;5;Rubiaceae;65;0;9
Uppsala;Brobacke;1;No;Hieracium sect. Tridentata;4,375;0;6;3;3;4;Asteraceae;70;0;2
Uppsala;Brobacke;1;No;Lathyrus pratensis;4,375;0;6;5;5;5;Fabaceae;60;1;1
Uppsala;Brobacke;1;No;Linaria vulgaris;4,375;0;6;3;5;5;Plantaginaceae;45;0;3
Uppsala;Brobacke;1;No;Noccaea caerulescens;4,375;0;5;2;4;3;Brassicaceae;22,5;2;1
Uppsala;Brobacke;1;No;Pilosella cymosa;4,375;0;7;2;6;5;Asteraceae;60;0;6
Uppsala;Brobacke;1;No;Plantago major;4,375;0;5;4;5;5;Plantaginaceae;30;1;3
Uppsala;Brobacke;1;No;Primula veris;4,375;0;5;4;7;4;Primulaceae;20;2;7
Uppsala;Brobacke;1;No;Ranunculus acris subsp. acris;4,375;0;5;5;4;7;Ranunculaceae;45;1;1
Uppsala;Brobacke;1;No;Ranunculus repens;4,375;0;4;7;5;7;Ranunculaceae;30;0;1
Uppsala;Brobacke;1;No;Rumex acetosa;4,375;0;6;5;5;6;Polygonaceae;60;1;6
Uppsala;Brobacke;1;No;Rumex acetosella;4,375;0;6;2;3;2;Polygonaceae;25;2;5
Uppsala;Brobacke;1;No;Sagina revelierei;4,375;0;6;5;3;2;Caryophyllaceae;6;1;2
Uppsala;Brobacke;1;No;Scorzoneroides autumnalis;4,375;0;6;5;6;5;Asteraceae;25;1;6
Uppsala;Brobacke;1;No;Taraxacum;4,375;0;NA;NA;NA;NA;Asteraceae;NA;1;2
Uppsala;Brobacke;1;No;Trifolium hybridum;4,375;0;6;4;6;4;Fabaceae;35;1;9
Uppsala;Brobacke;1;No;Tripleurospermum inodorum;4,375;0;6;5;7;8;Asteraceae;50;0;4
Uppsala;Brobacke;1;No;Tussilago farfara;4,375;0;5;6;6;5;Asteraceae;12,5;0;2
Uppsala;Brobacke;1;No;Vicia cracca;4,375;0;5;5;6;3;Fabaceae;60;1;4
Uppsala;Brobacke;1;Yes;Achillea millefolium;45;0,2;6;2;5;5;Asteraceae;45;1;1
Uppsala;Brobacke;1;Yes;Achillea ptarmica;45;0,2;5;6;4;4;Asteraceae;40;1;8
Uppsala;Brobacke;1;Yes;Anthriscus sylvestris;45;0,2;5;5;6;7;Apiaceae;100;-1;5
Uppsala;Brobacke;1;Yes;Campanula patula;45;0,2;6;3;4;4;Campanulaceae;45;1;2
Uppsala;Brobacke;1;Yes;Cerastium fontanum;45;0,2;5;6;6;5;Caryophyllaceae;20;1;4
Uppsala;Brobacke;1;Yes;Equisetum arvense;45;0,2;5;4;6;5;Equisetaceae;30;0;15
Uppsala;Brobacke;1;Yes;Hypericum maculatum;45;0,2;5;3;3;5;Hypericaceae;55;1;1
Uppsala;Brobacke;1;Yes;Lathyrus pratensis;45;0,2;6;5;5;5;Fabaceae;60;1;2
Uppsala;Brobacke;1;Yes;Lupinus polyphyllus;45;0,2;5;3;2;2;Fabaceae;85;-1;16
Uppsala;Brobacke;1;Yes;Myosotis arvensis;45;0,2;5;5;6;6;Boraginaceae;25;1;1
Uppsala;Brobacke;1;Yes;Pilosella cymosa;45;0,2;7;2;6;5;Asteraceae;60;0;1
Uppsala;Brobacke;1;Yes;Ranunculus repens;45;0,2;4;7;5;7;Ranunculaceae;30;0;8
Uppsala;Brobacke;1;Yes;Rumex acetosella;45;0,2;6;2;3;2;Polygonaceae;25;2;2
Uppsala;Brobacke;1;Yes;Scorzoneroides autumnalis;45;0,2;6;5;6;5;Asteraceae;25;1;3
Uppsala;Brobacke;1;Yes;Taraxacum;45;0,2;NA;NA;NA;NA;Asteraceae;NA;1;5
Uppsala;Brobacke;1;Yes;Trifolium medium;45;0,2;5;3;5;3;Fabaceae;27,5;1;1
Uppsala;Brobacke;1;Yes;Viola canina;45;0,2;5;4;3;2;Violaceae;12,5;0;1
Uppsala;Gullvalla;2;No;Anthriscus sylvestris;1,875;0;5;5;6;7;Apiaceae;100;-1;2
Uppsala;Gullvalla;2;No;Campanula rotundifolia;1,875;0;6;3;5;4;Campanulaceae;30;2;4
Uppsala;Gullvalla;2;No;Cota tinctoria;1,875;0;6;2;6;3;Asteraceae;45;2;1
Uppsala;Gullvalla;2;No;Fragaria vesca;1,875;0;4;4;5;4;Rosaceae;12,5;0;15
Uppsala;Gullvalla;2;No;Hieracium sect. Tridentata;1,875;0;6;3;3;4;Asteraceae;70;0;3
Uppsala;Gullvalla;2;No;Lupinus polyphyllus;1,875;0;5;3;2;2;Fabaceae;85;-1;3
Uppsala;Gullvalla;2;No;Pilosella officinarum;1,875;0;7;1;3;3;Asteraceae;12,5;2;11
Uppsala;Gullvalla;2;No;Rubus idaeus;1,875;0;5;5;3;6;Rosaceae;125;-1;1
Uppsala;Gullvalla;2;No;Rubus saxatilis;1,875;0;3;5;5;5;Rosaceae;22,5;-1;4
Uppsala;Gullvalla;2;No;Rumex acetosa;1,875;0;6;5;5;6;Polygonaceae;60;1;1
Uppsala;Gullvalla;2;No;Taraxacum;1,875;0;NA;NA;NA;NA;Asteraceae;NA;1;2
Uppsala;Gullvalla;2;No;Trifolium medium;1,875;0;5;3;5;3;Fabaceae;27,5;1;3
Uppsala;Gullvalla;2;No;Viola canina;1,875;0;5;4;3;2;Violaceae;12,5;0;14
Uppsala;Gullvalla;2;Yes;Achillea millefolium;73,75;0;6;2;5;5;Asteraceae;45;1;3
Uppsala;Gullvalla;2;Yes;Anthriscus sylvestris;73,75;0;5;5;6;7;Apiaceae;100;-1;1
Uppsala;Gullvalla;2;Yes;Campanula rotundifolia;73,75;0;6;3;5;4;Campanulaceae;30;2;6
Uppsala;Gullvalla;2;Yes;Cota tinctoria;73,75;0;6;2;6;3;Asteraceae;45;2;2
Uppsala;Gullvalla;2;Yes;Fragaria vesca;73,75;0;4;4;5;4;Rosaceae;12,5;0;16
Uppsala;Gullvalla;2;Yes;Gallium mollugo;73,75;0;5;3;5;5;Rubiaceae;65;0;1
Uppsala;Gullvalla;2;Yes;Lupinus polyphyllus;73,75;0;5;3;2;2;Fabaceae;85;-1;16
Uppsala;Gullvalla;2;Yes;Noccaea caerulescens;73,75;0;5;2;4;3;Brassicaceae;22,5;2;1
Uppsala;Gullvalla;2;Yes;Pilosella officinarum;73,75;0;7;1;3;3;Asteraceae;12,5;2;6
Uppsala;Gullvalla;2;Yes;Pimpinella saxifraga;73,75;0;5;3;6;3;Apiaceae;12,5;2;2
Uppsala;Gullvalla;2;Yes;Taraxacum;73,75;0;NA;NA;NA;NA;Asteraceae;NA;1;1
Uppsala;Gullvalla;2;Yes;Tragopogon pratensis;73,75;0;7;2;7;6;Asteraceae;55;1;2
Uppsala;Gullvalla;2;Yes;Viola canina;73,75;0;5;4;3;2;Violaceae;12,5;0;11
Uppsala;Kölnbacken;2;No;Achillea millefolium;12,5;0,2;6;2;5;5;Asteraceae;45;1;7
Uppsala;Kölnbacken;2;No;Anthriscus sylvestris;12,5;0,2;5;5;6;7;Apiaceae;100;-1;5
Uppsala;Kölnbacken;2;No;Cirsium arvense;12,5;0,2;6;5;5;7;Asteraceae;95;-1;12
Uppsala;Kölnbacken;2;No;Equisetum arvense;12,5;0,2;5;4;6;5;Equisetaceae;30;0;14
Uppsala;Kölnbacken;2;No;Gallium mollugo;12,5;0,2;5;3;5;5;Rubiaceae;65;0;3
Uppsala;Kölnbacken;2;No;Hieracium umbellatum;12,5;0,2;6;3;4;4;Asteraceae;52,5;0;1
Uppsala;Kölnbacken;2;No;Hypericum maculatum;12,5;0,2;5;3;3;5;Hypericaceae;55;1;2
Uppsala;Kölnbacken;2;No;Lathyrus pratensis;12,5;0,2;6;5;5;5;Fabaceae;60;1;2
Uppsala;Kölnbacken;2;No;Lupinus polyphyllus;12,5;0,2;5;3;2;2;Fabaceae;85;-1;1
Uppsala;Kölnbacken;2;No;Pilosella cymosa;12,5;0,2;7;2;6;5;Asteraceae;60;0;1
Uppsala;Kölnbacken;2;No;Pilosella officinarum;12,5;0,2;7;1;3;3;Asteraceae;12,5;2;1
Uppsala;Kölnbacken;2;No;Rumex acetosa;12,5;0,2;6;5;5;6;Polygonaceae;60;1;1
Uppsala;Kölnbacken;2;No;Rumex acetosella;12,5;0,2;6;2;3;2;Polygonaceae;25;2;1
Uppsala;Kölnbacken;2;No;Scorzoneroides autumnalis;12,5;0,2;6;5;6;5;Asteraceae;25;1;2
Uppsala;Kölnbacken;2;No;Taraxacum;12,5;0,2;NA;NA;NA;NA;Asteraceae;NA;1;6
Uppsala;Kölnbacken;2;No;Tragopogon pratensis;12,5;0,2;7;2;7;6;Asteraceae;55;1;4
Uppsala;Kölnbacken;2;Yes;Achillea millefolium;66,25;0,4;6;2;5;5;Asteraceae;45;1;2
Uppsala;Kölnbacken;2;Yes;Anthriscus sylvestris;66,25;0,4;5;5;6;7;Apiaceae;100;-1;7
Uppsala;Kölnbacken;2;Yes;Cirsium arvense;66,25;0,4;6;5;5;7;Asteraceae;95;-1;1
Uppsala;Kölnbacken;2;Yes;Equisetum arvense;66,25;0,4;5;4;6;5;Equisetaceae;30;0;15
Uppsala;Kölnbacken;2;Yes;Leucanthemum vulgare;66,25;0,4;6;3;6;4;Asteraceae;45;1;1
Uppsala;Kölnbacken;2;Yes;Lupinus polyphyllus;66,25;0,4;5;3;2;2;Fabaceae;85;-1;16
Uppsala;Kölnbacken;2;Yes;Ranunculus repens;66,25;0,4;4;7;5;7;Ranunculaceae;30;0;6
Uppsala;Kölnbacken;2;Yes;Rumex acetosa;66,25;0,4;6;5;5;6;Polygonaceae;60;1;1
Uppsala;Kölnbacken;2;Yes;Taraxacum;66,25;0,4;NA;NA;NA;NA;Asteraceae;NA;1;7
Uppsala;Kölnbacken;2;Yes;Tragopogon pratensis;66,25;0,4;7;2;7;6;Asteraceae;55;1;1
Uppsala;Kölnbacken;2;Yes;Trifolium medium;66,25;0,4;5;3;5;3;Fabaceae;27,5;1;1
Uppsala;Lilla harnevi;2;No;Cirsium arvense;6,875;2,4;6;5;5;7;Asteraceae;95;-1;12
Uppsala;Lilla harnevi;2;No;Gallium mollugo;6,875;2,4;5;3;5;5;Rubiaceae;65;0;5
Uppsala;Lilla harnevi;2;No;Lupinus polyphyllus;6,875;2,4;5;3;2;2;Fabaceae;85;-1;1
Uppsala;Lilla harnevi;2;No;Potentilla reptans;6,875;2,4;6;4;7;6;Rosaceae;15;0;7
Uppsala;Lilla harnevi;2;No;Ranunculus acris subsp. acris;6,875;2,4;5;5;4;7;Ranunculaceae;45;1;1
Uppsala;Lilla harnevi;2;No;Vicia cracca;6,875;2,4;5;5;6;3;Fabaceae;60;1;4
Uppsala;Lilla harnevi;2;No;Vicia tetrasperma;6,875;2,4;6;2;7;3;Fabaceae;42,5;1;3
Uppsala;Lilla harnevi;2;Yes;Cirsium arvense;63,75;2;6;5;5;7;Asteraceae;95;-1;11
Uppsala;Lilla harnevi;2;Yes;Gallium mollugo;63,75;2;5;3;5;5;Rubiaceae;65;0;4
Uppsala;Lilla harnevi;2;Yes;Lupinus polyphyllus;63,75;2;5;3;2;2;Fabaceae;85;-1;16
Uppsala;Lilla harnevi;2;Yes;Potentilla reptans;63,75;2;6;4;7;6;Rosaceae;15;0;4
Uppsala;Lilla harnevi;2;Yes;Succisa pratensis;63,75;2;5;6;5;2;Caprifoliaceae;42,5;1;2
Uppsala;Lilla harnevi;2;Yes;Trifolium repens;63,75;2;6;5;6;4;Fabaceae;20;1;1
Uppsala;Lilla harnevi;2;Yes;Urtica dioica;63,75;2;4;5;5;6;Urticaceae;115;-1;4
Uppsala;Lilla harnevi;2;Yes;Vicia cracca;63,75;2;5;5;6;3;Fabaceae;60;1;1
Uppsala;Lilla harnevi;2;Yes;Vicia tetrasperma;63,75;2;6;2;7;3;Fabaceae;42,5;1;1
Uppsala;Missionskyrkan;2;No;Achillea millefolium;10;3;6;2;5;5;Asteraceae;45;1;16
Uppsala;Missionskyrkan;2;No;Alchemilla vulgaris;10;3;NA;NA;NA;NA;Rosaceae;25;1;2
Uppsala;Missionskyrkan;2;No;Anthriscus sylvestris;10;3;5;5;6;7;Apiaceae;100;-1;8
Uppsala;Missionskyrkan;2;No;Equisetum arvense;10;3;5;4;6;5;Equisetaceae;30;0;12
Uppsala;Missionskyrkan;2;No;Fragaria vesca;10;3;4;4;5;4;Rosaceae;12,5;0;12
Uppsala;Missionskyrkan;2;No;Gallium mollugo;10;3;5;3;5;5;Rubiaceae;65;0;14
Uppsala;Missionskyrkan;2;No;Hypericum maculatum;10;3;5;3;3;5;Hypericaceae;55;1;2
Uppsala;Missionskyrkan;2;No;Leucanthemum vulgare;10;3;6;3;6;4;Asteraceae;45;1;6
Uppsala;Missionskyrkan;2;No;Lupinus polyphyllus;10;3;5;3;2;2;Fabaceae;85;-1;5
Uppsala;Missionskyrkan;2;No;Medicago lupulina;10;3;6;3;7;4;Fabaceae;22,5;1;10
Uppsala;Missionskyrkan;2;No;Pilosella cymosa;10;3;7;2;6;5;Asteraceae;60;0;5
Uppsala;Missionskyrkan;2;No;Potentilla reptans;10;3;6;4;7;6;Rosaceae;15;0;14
Uppsala;Missionskyrkan;2;No;Scorzoneroides autumnalis;10;3;6;5;6;5;Asteraceae;25;1;1
Uppsala;Missionskyrkan;2;No;Taraxacum;10;3;NA;NA;NA;NA;Asteraceae;NA;1;3
Uppsala;Missionskyrkan;2;No;Tragopogon pratensis;10;3;7;2;7;6;Asteraceae;55;1;4
Uppsala;Missionskyrkan;2;No;Trifolium hybridum;10;3;6;4;6;4;Fabaceae;35;1;5
Uppsala;Missionskyrkan;2;No;Trifolium repens;10;3;6;5;6;4;Fabaceae;20;1;1
Uppsala;Missionskyrkan;2;No;Tussilago farfara;10;3;5;6;6;5;Asteraceae;12,5;0;2
Uppsala;Missionskyrkan;2;No;Vicia sepium;10;3;3;4;6;4;Fabaceae;45;1;10
Uppsala;Missionskyrkan;2;No;Viola canina;10;3;5;4;3;2;Violaceae;12,5;0;1
Uppsala;Missionskyrkan;2;Yes;Achillea millefolium;51,25;3,2;6;2;5;5;Asteraceae;45;1;16
Uppsala;Missionskyrkan;2;Yes;Anthriscus sylvestris;51,25;3,2;5;5;6;7;Apiaceae;100;-1;5
Uppsala;Missionskyrkan;2;Yes;Cerastium fontanum;51,25;3,2;5;6;6;5;Caryophyllaceae;20;1;1
Uppsala;Missionskyrkan;2;Yes;Equisetum arvense;51,25;3,2;5;4;6;5;Equisetaceae;30;0;6
Uppsala;Missionskyrkan;2;Yes;Fragaria vesca;51,25;3,2;4;4;5;4;Rosaceae;12,5;0;7
Uppsala;Missionskyrkan;2;Yes;Galium boreale;51,25;3,2;5;5;7;4;Rubiaceae;45;1;2
Uppsala;Missionskyrkan;2;Yes;Gallium mollugo;51,25;3,2;5;3;5;5;Rubiaceae;65;0;13
Uppsala;Missionskyrkan;2;Yes;Hypericum maculatum;51,25;3,2;5;3;3;5;Hypericaceae;55;1;1
Uppsala;Missionskyrkan;2;Yes;Lupinus polyphyllus;51,25;3,2;5;3;2;2;Fabaceae;85;-1;16
Uppsala;Missionskyrkan;2;Yes;Pilosella cymosa;51,25;3,2;7;2;6;5;Asteraceae;60;0;1
Uppsala;Missionskyrkan;2;Yes;Potentilla reptans;51,25;3,2;6;4;7;6;Rosaceae;15;0;8
Uppsala;Missionskyrkan;2;Yes;Ranunculus repens;51,25;3,2;4;7;5;7;Ranunculaceae;30;0;1
Uppsala;Missionskyrkan;2;Yes;Rubus idaeus;51,25;3,2;5;5;3;6;Rosaceae;125;-1;1
Uppsala;Missionskyrkan;2;Yes;Taraxacum;51,25;3,2;NA;NA;NA;NA;Asteraceae;NA;1;8
Uppsala;Missionskyrkan;2;Yes;Trifolium hybridum;51,25;3,2;6;4;6;4;Fabaceae;35;1;1
Uppsala;Missionskyrkan;2;Yes;Trifolium medium;51,25;3,2;5;3;5;3;Fabaceae;27,5;1;4
Uppsala;Missionskyrkan;2;Yes;Vicia sepium;51,25;3,2;3;4;6;4;Fabaceae;45;1;1
Uppsala;Motocrossbanan ;1;No;Achillea millefolium;8,125;1,4;6;2;5;5;Asteraceae;45;1;12
Uppsala;Motocrossbanan ;1;No;Anemone nemorosa;8,125;1,4;4;5;4;6;Ranunculaceae;19;-1;1
Uppsala;Motocrossbanan ;1;No;Anthriscus sylvestris;8,125;1,4;5;5;6;7;Apiaceae;100;-1;1
Uppsala;Motocrossbanan ;1;No;Equisetum arvense;8,125;1,4;5;4;6;5;Equisetaceae;30;0;5
Uppsala;Motocrossbanan ;1;No;Fragaria vesca;8,125;1,4;4;4;5;4;Rosaceae;12,5;0;15
Uppsala;Motocrossbanan ;1;No;Gallium mollugo;8,125;1,4;5;3;5;5;Rubiaceae;65;0;1
Uppsala;Motocrossbanan ;1;No;Geranium sylvaticum;8,125;1,4;4;5;5;5;Geraniaceae;47,5;0;2
Uppsala;Motocrossbanan ;1;No;Hieracium sect. Bifida;8,125;1,4;5;3;6;3;Asteraceae;NA;0;2
Uppsala;Motocrossbanan ;1;No;Hieracium sect. Tridentata;8,125;1,4;6;3;3;4;Asteraceae;70;0;1
Uppsala;Motocrossbanan ;1;No;Leucanthemum vulgare;8,125;1,4;6;3;6;4;Asteraceae;45;1;4
Uppsala;Motocrossbanan ;1;No;Lupinus polyphyllus;8,125;1,4;5;3;2;2;Fabaceae;85;-1;5
Uppsala;Motocrossbanan ;1;No;Luzula multiflora;8,125;1,4;5;3;4;4;Juncaceae;30;2;2
Uppsala;Motocrossbanan ;1;No;Lychnis flos-cuculi;8,125;1,4;5;7;5;6;Caryophyllaceae;45;1;4
Uppsala;Motocrossbanan ;1;No;Noccaea caerulescens;8,125;1,4;5;2;4;3;Brassicaceae;22,5;2;6
Uppsala;Motocrossbanan ;1;No;Pilosella cymosa;8,125;1,4;7;2;6;5;Asteraceae;60;0;9
Uppsala;Motocrossbanan ;1;No;Ranunculus acris subsp. acris;8,125;1,4;5;5;4;7;Ranunculaceae;45;1;8
Uppsala;Motocrossbanan ;1;No;Rubus saxatilis;8,125;1,4;3;5;5;5;Rosaceae;22,5;-1;13
Uppsala;Motocrossbanan ;1;No;Viola riviniana;8,125;1,4;3;5;5;4;Violaceae;15;0;3
Uppsala;Motocrossbanan ;1;Yes;Achillea millefolium;72,5;0,4;6;2;5;5;Asteraceae;45;1;15
Uppsala;Motocrossbanan ;1;Yes;Anthriscus sylvestris;72,5;0,4;5;5;6;7;Apiaceae;100;-1;7
Uppsala;Motocrossbanan ;1;Yes;Campanula rotundifolia;72,5;0,4;6;3;5;4;Campanulaceae;30;2;2
Uppsala;Motocrossbanan ;1;Yes;Equisetum arvense;72,5;0,4;5;4;6;5;Equisetaceae;30;0;7
Uppsala;Motocrossbanan ;1;Yes;Fragaria vesca;72,5;0,4;4;4;5;4;Rosaceae;12,5;0;10
Uppsala;Motocrossbanan ;1;Yes;Gallium mollugo;72,5;0,4;5;3;5;5;Rubiaceae;65;0;2
Uppsala;Motocrossbanan ;1;Yes;Geum rivale;72,5;0,4;4;6;6;6;Rosaceae;35;1;1
Uppsala;Motocrossbanan ;1;Yes;Hieracium sect. Hieracium agg.;72,5;0,4;3;5;6;5;Asteraceae;37,5;0;3
Uppsala;Motocrossbanan ;1;Yes;Hieracium sect. Tridentata;72,5;0,4;6;3;3;4;Asteraceae;70;0;6
Uppsala;Motocrossbanan ;1;Yes;Lupinus polyphyllus;72,5;0,4;5;3;2;2;Fabaceae;85;-1;16
Uppsala;Motocrossbanan ;1;Yes;Noccaea caerulescens;72,5;0,4;5;2;4;3;Brassicaceae;22,5;2;7
Uppsala;Motocrossbanan ;1;Yes;Pilosella cymosa;72,5;0,4;7;2;6;5;Asteraceae;60;0;2
Uppsala;Motocrossbanan ;1;Yes;Pilosella lactucella;72,5;0,4;6;6;6;4;Asteraceae;17,5;2;1
Uppsala;Motocrossbanan ;1;Yes;Ranunculus acris subsp. acris;72,5;0,4;5;5;4;7;Ranunculaceae;45;1;5
Uppsala;Motocrossbanan ;1;Yes;Ranunculus repens;72,5;0,4;4;7;5;7;Ranunculaceae;30;0;1
Uppsala;Motocrossbanan ;1;Yes;Solidago virgaurea;72,5;0,4;4;4;4;4;Asteraceae;62,5;0;3
Uppsala;Motocrossbanan ;1;Yes;Taraxacum;72,5;0,4;NA;NA;NA;NA;Asteraceae;NA;1;2
Uppsala;Motocrossbanan ;1;Yes;Tragopogon pratensis;72,5;0,4;7;2;7;6;Asteraceae;55;1;1
Uppsala;Motocrossbanan ;1;Yes;Tussilago farfara;72,5;0,4;5;6;6;5;Asteraceae;12,5;0;8
Uppsala;Ransta;1;No;Achillea millefolium;14,375;1,4;6;2;5;5;Asteraceae;45;1;16
Uppsala;Ransta;1;No;Anthriscus sylvestris;14,375;1,4;5;5;6;7;Apiaceae;100;-1;1
Uppsala;Ransta;1;No;Cirsium arvense;14,375;1,4;6;5;5;7;Asteraceae;95;-1;1
Uppsala;Ransta;1;No;Equisetum arvense;14,375;1,4;5;4;6;5;Equisetaceae;30;0;9
Uppsala;Ransta;1;No;Fragaria vesca;14,375;1,4;4;4;5;4;Rosaceae;12,5;0;8
Uppsala;Ransta;1;No;Gallium mollugo;14,375;1,4;5;3;5;5;Rubiaceae;65;0;12
Uppsala;Ransta;1;No;Geum urbanum;14,375;1,4;3;4;6;7;Rosaceae;50;0;4
Uppsala;Ransta;1;No;Hieracium sect. Tridentata;14,375;1,4;6;3;3;4;Asteraceae;70;0;4
Uppsala;Ransta;1;No;Lathyrus pratensis;14,375;1,4;6;5;5;5;Fabaceae;60;1;12
Uppsala;Ransta;1;No;Ranunculus acris subsp. acris;14,375;1,4;5;5;4;7;Ranunculaceae;45;1;4
Uppsala;Ransta;1;No;Rumex longifolius;14,375;1,4;6;4;4;7;Polygonaceae;90;-1;1
Uppsala;Ransta;1;No;Stachys palustris;14,375;1,4;7;6;5;7;Lamiaceae;65;0;10
Uppsala;Ransta;1;No;Taraxacum;14,375;1,4;NA;NA;NA;NA;Asteraceae;NA;1;2
Uppsala;Ransta;1;No;Trifolium medium;14,375;1,4;5;3;5;3;Fabaceae;27,5;1;10
Uppsala;Ransta;1;No;Veronica chamaedrys;14,375;1,4;4;4;5;5;Plantaginaceae;20;1;13
Uppsala;Ransta;1;Yes;Achillea millefolium;51,25;2;6;2;5;5;Asteraceae;45;1;14
Uppsala;Ransta;1;Yes;Anthriscus sylvestris;51,25;2;5;5;6;7;Apiaceae;100;-1;2
Uppsala;Ransta;1;Yes;Cirsium arvense;51,25;2;6;5;5;7;Asteraceae;95;-1;6
Uppsala;Ransta;1;Yes;Equisetum arvense;51,25;2;5;4;6;5;Equisetaceae;30;0;3
Uppsala;Ransta;1;Yes;Galium boreale;51,25;2;5;5;7;4;Rubiaceae;45;1;1
Uppsala;Ransta;1;Yes;Geum urbanum;51,25;2;3;4;6;7;Rosaceae;50;0;1
Uppsala;Ransta;1;Yes;Hieracium sect. Tridentata;51,25;2;6;3;3;4;Asteraceae;70;0;5
Uppsala;Ransta;1;Yes;Lathyrus pratensis;51,25;2;6;5;5;5;Fabaceae;60;1;2
Uppsala;Ransta;1;Yes;Lupinus polyphyllus;51,25;2;5;3;2;2;Fabaceae;85;-1;16
Uppsala;Ransta;1;Yes;Taraxacum;51,25;2;NA;NA;NA;NA;Asteraceae;NA;1;4
Uppsala;Ransta;1;Yes;Vicia sepium;51,25;2;3;4;6;4;Fabaceae;45;1;1
Uppsala;Ransta;1;Yes;Viola riviniana;51,25;2;3;5;5;4;Violaceae;15;0;2
Uppsala;Runhällen;2;No;Achillea millefolium;4,375;0,4;6;2;5;5;Asteraceae;45;1;11
Uppsala;Runhällen;2;No;Aegopodium podagraria;4,375;0,4;3;5;6;5;Apiaceae;65;-1;2
Uppsala;Runhällen;2;No;Carex panicea;4,375;0,4;4;6;6;4;Cyperaceae;32,5;2;2
Uppsala;Runhällen;2;No;Fragaria vesca;4,375;0,4;4;4;5;4;Rosaceae;12,5;0;16
Uppsala;Runhällen;2;No;Galium boreale;4,375;0,4;5;5;7;4;Rubiaceae;45;1;7
Uppsala;Runhällen;2;No;Gallium mollugo;4,375;0,4;5;3;5;5;Rubiaceae;65;0;4
Uppsala;Runhällen;2;No;Hieracium umbellatum;4,375;0,4;6;3;4;4;Asteraceae;52,5;0;12
Uppsala;Runhällen;2;No;Lathyrus linifolius;4,375;0,4;4;3;3;3;Fabaceae;25;1;1
Uppsala;Runhällen;2;No;Leucanthemum vulgare;4,375;0,4;6;3;6;4;Asteraceae;45;1;1
Uppsala;Runhällen;2;No;Lupinus polyphyllus;4,375;0,4;5;3;2;2;Fabaceae;85;-1;5
Uppsala;Runhällen;2;No;Luzula pilosa;4,375;0,4;3;4;2;4;Juncaceae;17,5;0;5
Uppsala;Runhällen;2;No;Pilosella cymosa;4,375;0,4;7;2;6;5;Asteraceae;60;0;1
Uppsala;Runhällen;2;No;Polygala vulgaris;4,375;0,4;5;3;5;3;Polygalaceae;175;2;2
Uppsala;Runhällen;2;No;Ranunculus acris subsp. acris;4,375;0,4;5;5;4;7;Ranunculaceae;45;1;7
Uppsala;Runhällen;2;No;Rumex acetosa;4,375;0,4;6;5;5;6;Polygonaceae;60;1;8
Uppsala;Runhällen;2;No;Vaccinium vitis-idaea;4,375;0,4;5;4;2;1;Ericaceae;17,5;-1;4
Uppsala;Runhällen;2;No;Vicia cracca;4,375;0,4;5;5;6;3;Fabaceae;60;1;8
Uppsala;Runhällen;2;No;Vicia sepium;4,375;0,4;3;4;6;4;Fabaceae;45;1;7
Uppsala;Runhällen;2;No;Viola canina;4,375;0,4;5;4;3;2;Violaceae;12,5;0;10
Uppsala;Runhällen;2;Yes;Achillea millefolium;40;0,4;6;2;5;5;Asteraceae;45;1;13
Uppsala;Runhällen;2;Yes;Fragaria vesca;40;0,4;4;4;5;4;Rosaceae;12,5;0;15
Uppsala;Runhällen;2;Yes;Hieracium umbellatum;40;0,4;6;3;4;4;Asteraceae;52,5;0;4
Uppsala;Runhällen;2;Yes;Lathyrus linifolius;40;0,4;4;3;3;3;Fabaceae;25;1;6
Uppsala;Runhällen;2;Yes;Lupinus polyphyllus;40;0,4;5;3;2;2;Fabaceae;85;-1;16
Uppsala;Runhällen;2;Yes;Myosotis arvensis;40;0,4;5;5;6;6;Boraginaceae;25;1;1
Uppsala;Runhällen;2;Yes;Pilosella cymosa;40;0,4;7;2;6;5;Asteraceae;60;0;4
Uppsala;Runhällen;2;Yes;Ranunculus acris subsp. acris;40;0,4;5;5;4;7;Ranunculaceae;45;1;3
Uppsala;Runhällen;2;Yes;Rubus idaeus;40;0,4;5;5;3;6;Rosaceae;125;-1;1
Uppsala;Runhällen;2;Yes;Rumex acetosa;40;0,4;6;5;5;6;Polygonaceae;60;1;1
Uppsala;Runhällen;2;Yes;Taraxacum;40;0,4;NA;NA;NA;NA;Asteraceae;NA;1;5
Uppsala;Runhällen;2;Yes;Vaccinium vitis-idaea;40;0,4;5;4;2;1;Ericaceae;17,5;-1;7
Uppsala;Runhällen;2;Yes;Vicia sepium;40;0,4;3;4;6;4;Fabaceae;45;1;4
Uppsala;Runhällen;2;Yes;Viola canina;40;0,4;5;4;3;2;Violaceae;12,5;0;1
Uppsala;Rödmossa;1;No;Achillea millefolium;6,875;2,2;6;2;5;5;Asteraceae;45;1;1
Uppsala;Rödmossa;1;No;Anthyllis vulneraria;6,875;2,2;7;3;7;3;Fabaceae;32,5;0;4
Uppsala;Rödmossa;1;No;Cerastium fontanum;6,875;2,2;5;6;6;5;Caryophyllaceae;20;1;2
Uppsala;Rödmossa;1;No;Cirsium arvense;6,875;2,2;6;5;5;7;Asteraceae;95;-1;9
Uppsala;Rödmossa;1;No;Equisetum arvense;6,875;2,2;5;4;6;5;Equisetaceae;30;0;12
Uppsala;Rödmossa;1;No;Equisetum sylvaticum;6,875;2,2;4;5;2;3;Equisetaceae;40;-1;6
Uppsala;Rödmossa;1;No;Galium boreale;6,875;2,2;5;5;7;4;Rubiaceae;45;1;1
Uppsala;Rödmossa;1;No;Gallium mollugo;6,875;2,2;5;3;5;5;Rubiaceae;65;0;11
Uppsala;Rödmossa;1;No;Lathyrus pratensis;6,875;2,2;6;5;5;5;Fabaceae;60;1;3
Uppsala;Rödmossa;1;No;Leucanthemum vulgare;6,875;2,2;6;3;6;4;Asteraceae;45;1;3
Uppsala;Rödmossa;1;No;Luzula multiflora;6,875;2,2;5;3;4;4;Juncaceae;30;2;1
Uppsala;Rödmossa;1;No;Plantago major;6,875;2,2;5;4;5;5;Plantaginaceae;30;1;2
Uppsala;Rödmossa;1;No;Ranunculus acris subsp. acris;6,875;2,2;5;5;4;7;Ranunculaceae;45;1;6
Uppsala;Rödmossa;1;No;Rumex acetosa;6,875;2,2;6;5;5;6;Polygonaceae;60;1;2
Uppsala;Rödmossa;1;No;Stellaria graminea;6,875;2,2;5;4;5;4;Caryophyllaceae;20;1;1
Uppsala;Rödmossa;1;No;Taraxacum;6,875;2,2;NA;NA;NA;NA;Asteraceae;NA;1;10
Uppsala;Rödmossa;1;No;Trifolium hybridum;6,875;2,2;6;4;6;4;Fabaceae;35;1;16
Uppsala;Rödmossa;1;No;Tripleurospermum inodorum;6,875;2,2;6;5;7;8;Asteraceae;50;0;2
Uppsala;Rödmossa;1;No;Vicia cracca;6,875;2,2;5;5;6;3;Fabaceae;60;1;1
Uppsala;Rödmossa;1;Yes;Achillea millefolium;63,75;3,6;6;2;5;5;Asteraceae;45;1;9
Uppsala;Rödmossa;1;Yes;Cirsium arvense;63,75;3,6;6;5;5;7;Asteraceae;95;-1;9
Uppsala;Rödmossa;1;Yes;Equisetum;63,75;3,6;NA;NA;NA;NA;Equisetaceae;NA;0;1
Uppsala;Rödmossa;1;Yes;Equisetum sylvaticum;63,75;3,6;4;5;2;3;Equisetaceae;40;-1;10
Uppsala;Rödmossa;1;Yes;Gallium mollugo;63,75;3,6;5;3;5;5;Rubiaceae;65;0;13
Uppsala;Rödmossa;1;Yes;Lathyrus pratensis;63,75;3,6;6;5;5;5;Fabaceae;60;1;1
Uppsala;Rödmossa;1;Yes;Leucanthemum vulgare;63,75;3,6;6;3;6;4;Asteraceae;45;1;2
Uppsala;Rödmossa;1;Yes;Lupinus polyphyllus;63,75;3,6;5;3;2;2;Fabaceae;85;-1;16
Uppsala;Rödmossa;1;Yes;Plantago major;63,75;3,6;5;4;5;5;Plantaginaceae;30;1;4
Uppsala;Rödmossa;1;Yes;Ranunculus acris subsp. acris;63,75;3,6;5;5;4;7;Ranunculaceae;45;1;4
Uppsala;Rödmossa;1;Yes;Sonchus oleraceus;63,75;3,6;6;4;7;8;Asteraceae;65;0;1
Uppsala;Rödmossa;1;Yes;Taraxacum;63,75;3,6;NA;NA;NA;NA;Asteraceae;NA;1;15
Uppsala;Rödmossa;1;Yes;Trifolium hybridum;63,75;3,6;6;4;6;4;Fabaceae;35;1;9
Uppsala;Rödmossa;1;Yes;Trifolium medium;63,75;3,6;5;3;5;3;Fabaceae;27,5;1;15
Uppsala;Rödmossa;1;Yes;Tripleurospermum inodorum;63,75;3,6;6;5;7;8;Asteraceae;50;0;9
Uppsala;Söderfors;1;No;Anthriscus sylvestris;9,375;1;5;5;6;7;Apiaceae;100;-1;1
Uppsala;Söderfors;1;No;Campanula patula;9,375;1;6;3;4;4;Campanulaceae;45;1;2
Uppsala;Söderfors;1;No;Carex digitata;9,375;1;3;3;6;3;Cyperaceae;20;0;3
Uppsala;Söderfors;1;No;Ficaria verna;9,375;1;3;6;7;7;Ranunculaceae;15;1;2
Uppsala;Söderfors;1;No;Fragaria vesca;9,375;1;4;4;5;4;Rosaceae;12,5;0;16
Uppsala;Söderfors;1;No;Hieracium sect. Vulgata;9,375;1;4;4;4;4;Asteraceae;60;0;15
Uppsala;Söderfors;1;No;Leucanthemum vulgare;9,375;1;6;3;6;4;Asteraceae;45;1;5
Uppsala;Söderfors;1;No;Luzula pilosa;9,375;1;3;4;2;4;Juncaceae;17,5;0;2
Uppsala;Söderfors;1;No;Noccaea caerulescens;9,375;1;5;2;4;3;Brassicaceae;22,5;2;3
Uppsala;Söderfors;1;No;Ranunculus acris subsp. acris;9,375;1;5;5;4;7;Ranunculaceae;45;1;16
Uppsala;Söderfors;1;No;Taraxacum;9,375;1;NA;NA;NA;NA;Asteraceae;NA;1;8
Uppsala;Söderfors;1;No;Trifolium medium;9,375;1;5;3;5;3;Fabaceae;27,5;1;3
Uppsala;Söderfors;1;No;Tussilago farfara;9,375;1;5;6;6;5;Asteraceae;12,5;0;4
Uppsala;Söderfors;1;No;Veronica chamaedrys;9,375;1;4;4;5;5;Plantaginaceae;20;1;2
Uppsala;Söderfors;1;No;Veronica officinalis;9,375;1;5;3;5;5;Plantaginaceae;20;0;10
Uppsala;Söderfors;1;No;Vicia sylvatica;9,375;1;4;4;6;3;Fabaceae;125;0;3
Uppsala;Söderfors;1;No;Viola canina;9,375;1;5;4;3;2;Violaceae;12,5;0;8
Uppsala;Söderfors;1;Yes;Achillea millefolium;36,25;0,4;6;2;5;5;Asteraceae;45;1;3
Uppsala;Söderfors;1;Yes;Anemone nemorosa;36,25;0,4;4;5;4;6;Ranunculaceae;19;-1;1
Uppsala;Söderfors;1;Yes;Anthriscus sylvestris;36,25;0,4;5;5;6;7;Apiaceae;100;-1;1
Uppsala;Söderfors;1;Yes;Cerastium fontanum;36,25;0,4;5;6;6;5;Caryophyllaceae;20;1;1
Uppsala;Söderfors;1;Yes;Fragaria vesca;36,25;0,4;4;4;5;4;Rosaceae;12,5;0;11
Uppsala;Söderfors;1;Yes;Gallium mollugo;36,25;0,4;5;3;5;5;Rubiaceae;65;0;5
Uppsala;Söderfors;1;Yes;Hieracium sect. Vulgata;36,25;0,4;4;4;4;4;Asteraceae;60;0;16
Uppsala;Söderfors;1;Yes;Leucanthemum vulgare;36,25;0,4;6;3;6;4;Asteraceae;45;1;1
Uppsala;Söderfors;1;Yes;Lupinus polyphyllus;36,25;0,4;5;3;2;2;Fabaceae;85;-1;16
Uppsala;Söderfors;1;Yes;Medicago lupulina;36,25;0,4;6;3;7;4;Fabaceae;22,5;1;4
Uppsala;Söderfors;1;Yes;Ranunculus acris subsp. acris;36,25;0,4;5;5;4;7;Ranunculaceae;45;1;2
Uppsala;Söderfors;1;Yes;Ranunculus repens;36,25;0,4;4;7;5;7;Ranunculaceae;30;0;5
Uppsala;Söderfors;1;Yes;Taraxacum;36,25;0,4;NA;NA;NA;NA;Asteraceae;NA;1;2
Uppsala;Söderfors;1;Yes;Trifolium medium;36,25;0,4;5;3;5;3;Fabaceae;27,5;1;16
Uppsala;Söderfors;1;Yes;Tussilago farfara;36,25;0,4;5;6;6;5;Asteraceae;12,5;0;10
Uppsala;Söderfors;1;Yes;Viola canina;36,25;0,4;5;4;3;2;Violaceae;12,5;0;1
Uppsala;Österunda1;1;No;Anemone nemorosa;6,875;0;4;5;4;6;Ranunculaceae;19;-1;5
Uppsala;Österunda1;1;No;Campanula persicifolia;6,875;0;5;3;6;5;Campanulaceae;65;1;4
Uppsala;Österunda1;1;No;Cerastium fontanum;6,875;0;5;6;6;5;Caryophyllaceae;20;1;7
Uppsala;Österunda1;1;No;Cirsium arvense;6,875;0;6;5;5;7;Asteraceae;95;-1;7
Uppsala;Österunda1;1;No;Equisetum arvense;6,875;0;5;4;6;5;Equisetaceae;30;0;16
Uppsala;Österunda1;1;No;Filipendula ulmaria;6,875;0;5;8;5;8;Rosaceae;100;0;4
Uppsala;Österunda1;1;No;Galium verum;6,875;0;6;2;5;4;Rubiaceae;35;1;1
Uppsala;Österunda1;1;No;Hypericum maculatum;6,875;0;5;3;3;5;Hypericaceae;55;1;7
Uppsala;Österunda1;1;No;Leucanthemum vulgare;6,875;0;6;3;6;4;Asteraceae;45;1;8
Uppsala;Österunda1;1;No;Lupinus polyphyllus;6,875;0;5;3;2;2;Fabaceae;85;-1;4
Uppsala;Österunda1;1;No;Medicago lupulina;6,875;0;6;3;7;4;Fabaceae;22,5;1;6
Uppsala;Österunda1;1;No;Potentilla reptans;6,875;0;6;4;7;6;Rosaceae;15;0;2
Uppsala;Österunda1;1;No;Ranunculus acris subsp. acris;6,875;0;5;5;4;7;Ranunculaceae;45;1;3
Uppsala;Österunda1;1;No;Rubus idaeus;6,875;0;5;5;3;6;Rosaceae;125;-1;2
Uppsala;Österunda1;1;No;Scirpus sylvaticus;6,875;0;5;10;6;5;Cyperaceae;75;0;2
Uppsala;Österunda1;1;No;Taraxacum;6,875;0;NA;NA;NA;NA;Asteraceae;NA;1;8
Uppsala;Österunda1;1;No;Trifolium hybridum;6,875;0;6;4;6;4;Fabaceae;35;1;7
Uppsala;Österunda1;1;No;Trifolium medium;6,875;0;5;3;5;3;Fabaceae;27,5;1;2
Uppsala;Österunda1;1;No;Trifolium repens;6,875;0;6;5;6;4;Fabaceae;20;1;2
Uppsala;Österunda1;1;No;Tripleurospermum inodorum;6,875;0;6;5;7;8;Asteraceae;50;0;6
Uppsala;Österunda1;1;No;Tussilago farfara;6,875;0;5;6;6;5;Asteraceae;12,5;0;2
Uppsala;Österunda1;1;No;Veronica chamaedrys;6,875;0;4;4;5;5;Plantaginaceae;20;1;3
Uppsala;Österunda1;1;No;Vicia cracca;6,875;0;5;5;6;3;Fabaceae;60;1;1
Uppsala;Österunda1;1;No;Vicia sepium;6,875;0;3;4;6;4;Fabaceae;45;1;2
Uppsala;Österunda1;1;Yes;Anemone nemorosa;56,25;0,2;4;5;4;6;Ranunculaceae;19;-1;1
Uppsala;Österunda1;1;Yes;Anthriscus sylvestris;56,25;0,2;5;5;6;7;Apiaceae;100;-1;2
Uppsala;Österunda1;1;Yes;Campanula persicifolia;56,25;0,2;5;3;6;5;Campanulaceae;65;1;4
Uppsala;Österunda1;1;Yes;Cerastium fontanum;56,25;0,2;5;6;6;5;Caryophyllaceae;20;1;2
Uppsala;Österunda1;1;Yes;Cirsium arvense;56,25;0,2;6;5;5;7;Asteraceae;95;-1;3
Uppsala;Österunda1;1;Yes;Equisetum arvense;56,25;0,2;5;4;6;5;Equisetaceae;30;0;8
Uppsala;Österunda1;1;Yes;Galium boreale;56,25;0,2;5;5;7;4;Rubiaceae;45;1;4
Uppsala;Österunda1;1;Yes;Hypericum perforatum;56,25;0,2;6;2;5;4;Hypericaceae;50;2;4
Uppsala;Österunda1;1;Yes;Leucanthemum vulgare;56,25;0,2;6;3;6;4;Asteraceae;45;1;1
Uppsala;Österunda1;1;Yes;Lupinus polyphyllus;56,25;0,2;5;3;2;2;Fabaceae;85;-1;16
Uppsala;Österunda1;1;Yes;Potentilla erecta;56,25;0,2;5;6;4;3;Rosaceae;30;1;1
Uppsala;Österunda1;1;Yes;Ranunculus acris subsp. acris;56,25;0,2;5;5;4;7;Ranunculaceae;45;1;7
Uppsala;Österunda1;1;Yes;Rubus idaeus;56,25;0,2;5;5;3;6;Rosaceae;125;-1;5
Uppsala;Österunda1;1;Yes;Scirpus sylvaticus;56,25;0,2;5;10;6;5;Cyperaceae;75;0;1
Uppsala;Österunda1;1;Yes;Taraxacum;56,25;0,2;NA;NA;NA;NA;Asteraceae;NA;1;4
Uppsala;Österunda1;1;Yes;Trifolium medium;56,25;0,2;5;3;5;3;Fabaceae;27,5;1;6
Uppsala;Österunda1;1;Yes;Trifolium repens;56,25;0,2;6;5;6;4;Fabaceae;20;1;1
Uppsala;Österunda1;1;Yes;Tripleurospermum inodorum;56,25;0,2;6;5;7;8;Asteraceae;50;0;3
Uppsala;Österunda1;1;Yes;Tussilago farfara;56,25;0,2;5;6;6;5;Asteraceae;12,5;0;4
Värmland;Bergsviken/Älvsbacka;1;No;Aegopodium podagraria;25,625;2,7375;3;5;6;5;Apiaceae;65;-1;3
Värmland;Bergsviken/Älvsbacka;1;No;Alchemilla vulgaris;25,625;2,7375;NA;NA;NA;NA;Rosaceae;25;1;3
Värmland;Bergsviken/Älvsbacka;1;No;Anthriscus sylvestris;25,625;2,7375;5;5;6;7;Apiaceae;100;-1;12
Värmland;Bergsviken/Älvsbacka;1;No;Cerastium fontanum;25,625;2,7375;5;6;6;5;Caryophyllaceae;20;1;3
Värmland;Bergsviken/Älvsbacka;1;No;Fragaria vesca;25,625;2,7375;4;4;5;4;Rosaceae;12,5;0;3
Värmland;Bergsviken/Älvsbacka;1;No;Geranium sylvaticum;25,625;2,7375;4;5;5;5;Geraniaceae;47,5;0;4
Värmland;Bergsviken/Älvsbacka;1;No;Geum rivale;25,625;2,7375;4;6;6;6;Rosaceae;35;1;2
Värmland;Bergsviken/Älvsbacka;1;No;Moehringia trinervia;25,625;2,7375;3;4;5;6;Caryophyllaceae;25;0;2
Värmland;Bergsviken/Älvsbacka;1;No;Ranunculus acris subsp. acris;25,625;2,7375;5;5;4;7;Ranunculaceae;45;1;8
Värmland;Bergsviken/Älvsbacka;1;No;Trifolium pratense;25,625;2,7375;5;5;6;4;Fabaceae;37,5;1;4
Värmland;Bergsviken/Älvsbacka;1;No;Vicia sepium;25,625;2,7375;3;4;6;4;Fabaceae;45;1;2
Värmland;Bergsviken/Älvsbacka;1;Yes;Achillea millefolium;77,5;2,1;6;2;5;5;Asteraceae;45;1;8
Värmland;Bergsviken/Älvsbacka;1;Yes;Hypericum maculatum;77,5;2,1;5;3;3;5;Hypericaceae;55;1;2
Värmland;Bergsviken/Älvsbacka;1;Yes;Lupinus polyphyllus;77,5;2,1;5;3;2;2;Fabaceae;85;-1;16
Värmland;Bergsviken/Älvsbacka;1;Yes;Ranunculus acris subsp. acris;77,5;2,1;5;5;4;7;Ranunculaceae;45;1;3
Värmland;Flugbohöjden/Ettala;1;No;Achillea millefolium;18,75;2,28125;6;2;5;5;Asteraceae;45;1;7
Värmland;Flugbohöjden/Ettala;1;No;Alchemilla vulgaris;18,75;2,28125;NA;NA;NA;NA;Rosaceae;25;1;5
Värmland;Flugbohöjden/Ettala;1;No;Argentina anserina;18,75;2,28125;7;5;6;5;Rosaceae;10;2;4
Värmland;Flugbohöjden/Ettala;1;No;Calluna vulgaris;18,75;2,28125;5;4;2;2;Ericaceae;42,5;1;5
Värmland;Flugbohöjden/Ettala;1;No;Campanula persicifolia;18,75;2,28125;5;3;6;5;Campanulaceae;65;1;5
Värmland;Flugbohöjden/Ettala;1;No;Carex pallescens;18,75;2,28125;5;5;3;4;Cyperaceae;42,5;1;4
Värmland;Flugbohöjden/Ettala;1;No;Cirsium palustre;18,75;2,28125;6;7;4;5;Asteraceae;150;0;1
Värmland;Flugbohöjden/Ettala;1;No;Hieracium umbellatum;18,75;2,28125;6;3;4;4;Asteraceae;52,5;0;2
Värmland;Flugbohöjden/Ettala;1;No;Lathyrus pratensis;18,75;2,28125;6;5;5;5;Fabaceae;60;1;15
Värmland;Flugbohöjden/Ettala;1;No;Leucanthemum vulgare;18,75;2,28125;6;3;6;4;Asteraceae;45;1;12
Värmland;Flugbohöjden/Ettala;1;No;Lotus corniculatus;18,75;2,28125;6;3;5;3;Fabaceae;40;2;2
Värmland;Flugbohöjden/Ettala;1;No;Luzula multiflora;18,75;2,28125;5;3;4;4;Juncaceae;30;2;10
Värmland;Flugbohöjden/Ettala;1;No;Lychnis flos-cuculi;18,75;2,28125;5;7;5;6;Caryophyllaceae;45;1;5
Värmland;Flugbohöjden/Ettala;1;No;Ranunculus acris subsp. acris;18,75;2,28125;5;5;4;7;Ranunculaceae;45;1;5
Värmland;Flugbohöjden/Ettala;1;No;Rhinanthus minor;18,75;2,28125;5;5;4;2;Orobanchaceae;20;2;5
Värmland;Flugbohöjden/Ettala;1;No;Taraxacum;18,75;2,28125;NA;NA;NA;NA;Asteraceae;NA;1;2
Värmland;Flugbohöjden/Ettala;1;No;Trifolium hybridum;18,75;2,28125;6;4;6;4;Fabaceae;35;1;8
Värmland;Flugbohöjden/Ettala;1;No;Trifolium medium;18,75;2,28125;5;3;5;3;Fabaceae;27,5;1;4
Värmland;Flugbohöjden/Ettala;1;No;Trifolium pratense;18,75;2,28125;5;5;6;4;Fabaceae;37,5;1;9
Värmland;Flugbohöjden/Ettala;1;No;Trifolium repens;18,75;2,28125;6;5;6;4;Fabaceae;20;1;4
Värmland;Flugbohöjden/Ettala;1;No;Trifolium spadiceum;18,75;2,28125;6;5;6;3;Fabaceae;25;2;5
Värmland;Flugbohöjden/Ettala;1;No;Tussilago farfara;18,75;2,28125;5;6;6;5;Asteraceae;12,5;0;10
Värmland;Flugbohöjden/Ettala;1;No;Veronica officinalis;18,75;2,28125;5;3;5;5;Plantaginaceae;20;0;1
Värmland;Flugbohöjden/Ettala;1;Yes;Achillea millefolium;63,75;2,3875;6;2;5;5;Asteraceae;45;1;3
Värmland;Flugbohöjden/Ettala;1;Yes;Argentina anserina;63,75;2,3875;7;5;6;5;Rosaceae;10;2;3
Värmland;Flugbohöjden/Ettala;1;Yes;Lupinus polyphyllus;63,75;2,3875;5;3;2;2;Fabaceae;85;-1;16
Värmland;Flugbohöjden/Ettala;1;Yes;Taraxacum;63,75;2,3875;NA;NA;NA;NA;Asteraceae;NA;1;3
Värmland;Flugbohöjden/Ettala;1;Yes;Viola riviniana;63,75;2,3875;3;5;5;4;Violaceae;15;0;1
Värmland;Gersbysäter/Gersby;1;No;Achillea millefolium;23,75;2,81875;6;2;5;5;Asteraceae;45;1;4
Värmland;Gersbysäter/Gersby;1;No;Aegopodium podagraria;23,75;2,81875;3;5;6;5;Apiaceae;65;-1;2
Värmland;Gersbysäter/Gersby;1;No;Campanula patula;23,75;2,81875;6;3;4;4;Campanulaceae;45;1;2
Värmland;Gersbysäter/Gersby;1;No;Juncus effusus;23,75;2,81875;5;7;4;4;Juncaceae;80;0;1
Värmland;Gersbysäter/Gersby;1;No;Leucanthemum vulgare;23,75;2,81875;6;3;6;4;Asteraceae;45;1;4
Värmland;Gersbysäter/Gersby;1;No;Luzula pilosa;23,75;2,81875;3;4;2;4;Juncaceae;17,5;0;2
Värmland;Gersbysäter/Gersby;1;No;Lychnis flos-cuculi;23,75;2,81875;5;7;5;6;Caryophyllaceae;45;1;1
Värmland;Gersbysäter/Gersby;1;No;Potentilla erecta;23,75;2,81875;5;6;4;3;Rosaceae;30;1;5
Värmland;Gersbysäter/Gersby;1;No;Ranunculus acris subsp. acris;23,75;2,81875;5;5;4;7;Ranunculaceae;45;1;13
Värmland;Gersbysäter/Gersby;1;No;Rumex acetosa;23,75;2,81875;6;5;5;6;Polygonaceae;60;1;3
Värmland;Gersbysäter/Gersby;1;No;Stellaria longifolia;23,75;2,81875;4;5;4;6;Caryophyllaceae;90;0;4
Värmland;Gersbysäter/Gersby;1;No;Taraxacum;23,75;2,81875;NA;NA;NA;NA;Asteraceae;NA;1;5
Värmland;Gersbysäter/Gersby;1;No;Trifolium repens;23,75;2,81875;6;5;6;4;Fabaceae;20;1;3
Värmland;Gersbysäter/Gersby;1;No;Vicia cracca;23,75;2,81875;5;5;6;3;Fabaceae;60;1;2
Värmland;Gersbysäter/Gersby;1;No;Viola canina;23,75;2,81875;5;4;3;2;Violaceae;12,5;0;5
Värmland;Gersbysäter/Gersby;1;No;Viola riviniana;23,75;2,81875;3;5;5;4;Violaceae;15;0;2
Värmland;Gersbysäter/Gersby;1;Yes;Anthriscus sylvestris;63,75;2,7625;5;5;6;7;Apiaceae;100;-1;7
Värmland;Gersbysäter/Gersby;1;Yes;Gallium mollugo;63,75;2,7625;5;3;5;5;Rubiaceae;65;0;3
Värmland;Gersbysäter/Gersby;1;Yes;Lupinus polyphyllus;63,75;2,7625;5;3;2;2;Fabaceae;85;-1;16
Värmland;Gersbysäter/Gersby;1;Yes;Potentilla erecta;63,75;2,7625;5;6;4;3;Rosaceae;30;1;4
Värmland;Gersbysäter/Gersby;1;Yes;Ranunculus acris subsp. acris;63,75;2,7625;5;5;4;7;Ranunculaceae;45;1;13
Värmland;Gersbysäter/Gersby;1;Yes;Rumex acetosa;63,75;2,7625;6;5;5;6;Polygonaceae;60;1;3
Värmland;Häggstöd/Nyeds-Backa;2;No;Campanula persicifolia;5;1,5125;5;3;6;5;Campanulaceae;65;1;2
Värmland;Häggstöd/Nyeds-Backa;2;No;Centaurea jacea;5;1,5125;5;4;6;5;Asteraceae;55;1;9
Värmland;Häggstöd/Nyeds-Backa;2;No;Fragaria vesca;5;1,5125;4;4;5;4;Rosaceae;12,5;0;7
Värmland;Häggstöd/Nyeds-Backa;2;No;Gallium mollugo;5;1,5125;5;3;5;5;Rubiaceae;65;0;1
Värmland;Häggstöd/Nyeds-Backa;2;No;Hieracium sect. Hieracium agg.;5;1,5125;3;5;6;5;Asteraceae;37,5;0;8
Värmland;Häggstöd/Nyeds-Backa;2;No;Hieracium umbellatum;5;1,5125;6;3;4;4;Asteraceae;52,5;0;4
Värmland;Häggstöd/Nyeds-Backa;2;No;Hypericum maculatum;5;1,5125;5;3;3;5;Hypericaceae;55;1;1
Värmland;Häggstöd/Nyeds-Backa;2;No;Leucanthemum vulgare;5;1,5125;6;3;6;4;Asteraceae;45;1;9
Värmland;Häggstöd/Nyeds-Backa;2;No;Luzula multiflora;5;1,5125;5;3;4;4;Juncaceae;30;2;11
Värmland;Häggstöd/Nyeds-Backa;2;No;Potentilla erecta;5;1,5125;5;6;4;3;Rosaceae;30;1;2
Värmland;Häggstöd/Nyeds-Backa;2;No;Ranunculus acris subsp. acris;5;1,5125;5;5;4;7;Ranunculaceae;45;1;5
Värmland;Häggstöd/Nyeds-Backa;2;No;Rubus arcticus;5;1,5125;5;5;3;3;Rosaceae;15;0;3
Värmland;Häggstöd/Nyeds-Backa;2;No;Rumex acetosa;5;1,5125;6;5;5;6;Polygonaceae;60;1;1
Värmland;Häggstöd/Nyeds-Backa;2;No;Veronica officinalis;5;1,5125;5;3;5;5;Plantaginaceae;20;0;11
Värmland;Häggstöd/Nyeds-Backa;2;Yes;Anthriscus sylvestris;48,75;2,525;5;5;6;7;Apiaceae;100;-1;2
Värmland;Häggstöd/Nyeds-Backa;2;Yes;Campanula rotundifolia;48,75;2,525;6;3;5;4;Campanulaceae;30;2;4
Värmland;Häggstöd/Nyeds-Backa;2;Yes;Juncus conglomeratus;48,75;2,525;5;7;3;4;Juncaceae;65;-1;1
Värmland;Häggstöd/Nyeds-Backa;2;Yes;Lupinus polyphyllus;48,75;2,525;5;3;2;2;Fabaceae;85;-1;16
Värmland;Häggstöd/Nyeds-Backa;2;Yes;Ranunculus acris subsp. acris;48,75;2,525;5;5;4;7;Ranunculaceae;45;1;4
Värmland;Häggstöd/Nyeds-Backa;2;Yes;Stellaria graminea;48,75;2,525;5;4;5;4;Caryophyllaceae;20;1;4
Värmland;Häggstöd/Nyeds-Backa;2;Yes;Trifolium repens;48,75;2,525;6;5;6;4;Fabaceae;20;1;1
Värmland;Häggstöd/Nyeds-Backa;2;Yes;Vicia cracca;48,75;2,525;5;5;6;3;Fabaceae;60;1;5
Värmland;Jonsbol;1;No;Achillea millefolium;10;0,275;6;2;5;5;Asteraceae;45;1;1
Värmland;Jonsbol;1;No;Cerastium fontanum;10;0,275;5;6;6;5;Caryophyllaceae;20;1;5
Värmland;Jonsbol;1;No;Gallium mollugo;10;0,275;5;3;5;5;Rubiaceae;65;0;2
Värmland;Jonsbol;1;No;Glebionis segetum;10;0,275;7;5;5;6;Asteraceae;37,5;NA;1
Värmland;Jonsbol;1;No;Hypericum maculatum;10;0,275;5;3;3;5;Hypericaceae;55;1;1
Värmland;Jonsbol;1;No;Leucanthemum vulgare;10;0,275;6;3;6;4;Asteraceae;45;1;12
Värmland;Jonsbol;1;No;Luzula multiflora;10;0,275;5;3;4;4;Juncaceae;30;2;1
Värmland;Jonsbol;1;No;Lychnis flos-cuculi;10;0,275;5;7;5;6;Caryophyllaceae;45;1;6
Värmland;Jonsbol;1;No;Plantago major;10;0,275;5;4;5;5;Plantaginaceae;30;1;1
Värmland;Jonsbol;1;No;Prunella vulgaris;10;0,275;5;6;6;5;Lamiaceae;15;2;6
Värmland;Jonsbol;1;No;Ranunculus acris subsp. acris;10;0,275;5;5;4;7;Ranunculaceae;45;1;4
Värmland;Jonsbol;1;No;Rumex acetosa;10;0,275;6;5;5;6;Polygonaceae;60;1;1
Värmland;Jonsbol;1;No;Rumex acetosella;10;0,275;6;2;3;2;Polygonaceae;25;2;5
Värmland;Jonsbol;1;No;Succisa pratensis;10;0,275;5;6;5;2;Caprifoliaceae;42,5;1;1
Värmland;Jonsbol;1;No;Trifolium repens;10;0,275;6;5;6;4;Fabaceae;20;1;1
Värmland;Jonsbol;1;No;Viola canina;10;0,275;5;4;3;2;Violaceae;12,5;0;7
Värmland;Jonsbol;1;Yes;Achillea millefolium;56,25;2,04375;6;2;5;5;Asteraceae;45;1;5
Värmland;Jonsbol;1;Yes;Cirsium arvense;56,25;2,04375;6;5;5;7;Asteraceae;95;-1;4
Värmland;Jonsbol;1;Yes;Erigeron acris;56,25;2,04375;7;2;5;3;Asteraceae;25;1;3
Värmland;Jonsbol;1;Yes;Juncus conglomeratus;56,25;2,04375;5;7;3;4;Juncaceae;65;-1;3
Värmland;Jonsbol;1;Yes;Juncus effusus;56,25;2,04375;5;7;4;4;Juncaceae;80;0;4
Värmland;Jonsbol;1;Yes;Leucanthemum vulgare;56,25;2,04375;6;3;6;4;Asteraceae;45;1;2
Värmland;Jonsbol;1;Yes;Lotus corniculatus;56,25;2,04375;6;3;5;3;Fabaceae;40;2;2
Värmland;Jonsbol;1;Yes;Lupinus polyphyllus;56,25;2,04375;5;3;2;2;Fabaceae;85;-1;15
Värmland;Jonsbol;1;Yes;Lychnis flos-cuculi;56,25;2,04375;5;7;5;6;Caryophyllaceae;45;1;3
Värmland;Jonsbol;1;Yes;Ranunculus acris subsp. acris;56,25;2,04375;5;5;4;7;Ranunculaceae;45;1;3
Värmland;Jonsbol;1;Yes;Rumex acetosa;56,25;2,04375;6;5;5;6;Polygonaceae;60;1;2
Värmland;Jonsbol;1;Yes;Taraxacum;56,25;2,04375;NA;NA;NA;NA;Asteraceae;NA;1;2
Värmland;Jonsbol;1;Yes;Trifolium hybridum;56,25;2,04375;6;4;6;4;Fabaceae;35;1;1
Värmland;Jonsbol;1;Yes;Trifolium pratense;56,25;2,04375;5;5;6;4;Fabaceae;37,5;1;8
Värmland;Manhem/Asphyttan;2;No;Achillea millefolium;12,5;1,29375;6;2;5;5;Asteraceae;45;1;7
Värmland;Manhem/Asphyttan;2;No;Anemone nemorosa;12,5;1,29375;4;5;4;6;Ranunculaceae;19;-1;1
Värmland;Manhem/Asphyttan;2;No;Campanula persicifolia;12,5;1,29375;5;3;6;5;Campanulaceae;65;1;2
Värmland;Manhem/Asphyttan;2;No;Fragaria vesca;12,5;1,29375;4;4;5;4;Rosaceae;12,5;0;11
Värmland;Manhem/Asphyttan;2;No;Gallium mollugo;12,5;1,29375;5;3;5;5;Rubiaceae;65;0;2
Värmland;Manhem/Asphyttan;2;No;Hieracium sect. Hieracium agg.;12,5;1,29375;3;5;6;5;Asteraceae;37,5;0;14
Värmland;Manhem/Asphyttan;2;No;Lathyrus linifolius;12,5;1,29375;4;3;3;3;Fabaceae;25;1;1
Värmland;Manhem/Asphyttan;2;No;Leucanthemum vulgare;12,5;1,29375;6;3;6;4;Asteraceae;45;1;1
Värmland;Manhem/Asphyttan;2;No;Pilosella officinarum;12,5;1,29375;7;1;3;3;Asteraceae;12,5;2;2
Värmland;Manhem/Asphyttan;2;No;Pimpinella saxifraga;12,5;1,29375;5;3;6;3;Apiaceae;12,5;2;1
Värmland;Manhem/Asphyttan;2;No;Potentilla erecta;12,5;1,29375;5;6;4;3;Rosaceae;30;1;4
Värmland;Manhem/Asphyttan;2;No;Vaccinium myrtillus;12,5;1,29375;4;5;2;2;Ericaceae;30;-1;2
Värmland;Manhem/Asphyttan;2;No;Vaccinium vitis-idaea;12,5;1,29375;5;4;2;1;Ericaceae;17,5;-1;16
Värmland;Manhem/Asphyttan;2;No;Vicia cracca;12,5;1,29375;5;5;6;3;Fabaceae;60;1;1
Värmland;Manhem/Asphyttan;2;No;Viola riviniana;12,5;1,29375;3;5;5;4;Violaceae;15;0;2
Värmland;Manhem/Asphyttan;2;Yes;Achillea millefolium;37,5;1,05;6;2;5;5;Asteraceae;45;1;3
Värmland;Manhem/Asphyttan;2;Yes;Campanula persicifolia;37,5;1,05;5;3;6;5;Campanulaceae;65;1;1
Värmland;Manhem/Asphyttan;2;Yes;Fragaria vesca;37,5;1,05;4;4;5;4;Rosaceae;12,5;0;16
Värmland;Manhem/Asphyttan;2;Yes;Lathyrus linifolius;37,5;1,05;4;3;3;3;Fabaceae;25;1;1
Värmland;Manhem/Asphyttan;2;Yes;Lathyrus pratensis;37,5;1,05;6;5;5;5;Fabaceae;60;1;8
Värmland;Manhem/Asphyttan;2;Yes;Leucanthemum vulgare;37,5;1,05;6;3;6;4;Asteraceae;45;1;1
Värmland;Manhem/Asphyttan;2;Yes;Lupinus polyphyllus;37,5;1,05;5;3;2;2;Fabaceae;85;-1;16
Värmland;Manhem/Asphyttan;2;Yes;Luzula pilosa;37,5;1,05;3;4;2;4;Juncaceae;17,5;0;1
Värmland;Manhem/Asphyttan;2;Yes;Potentilla erecta;37,5;1,05;5;6;4;3;Rosaceae;30;1;10
Värmland;Manhem/Asphyttan;2;Yes;Ranunculus acris subsp. acris;37,5;1,05;5;5;4;7;Ranunculaceae;45;1;2
Värmland;Manhem/Asphyttan;2;Yes;Vaccinium vitis-idaea;37,5;1,05;5;4;2;1;Ericaceae;17,5;-1;16
Värmland;Manhem/Asphyttan;2;Yes;Vicia cracca;37,5;1,05;5;5;6;3;Fabaceae;60;1;3
Värmland;Nordsjö;1;No;Achillea millefolium;15;3,6;6;2;5;5;Asteraceae;45;1;11
Värmland;Nordsjö;1;No;Angelica sylvestris;15;3,6;5;7;4;7;Apiaceae;140;0;1
Värmland;Nordsjö;1;No;Calluna vulgaris;15;3,6;5;4;2;2;Ericaceae;42,5;1;1
Värmland;Nordsjö;1;No;Chamaenerion angustifolium;15;3,6;5;4;3;7;Onagraceae;115;-1;14
Värmland;Nordsjö;1;No;Fragaria vesca;15;3,6;4;4;5;4;Rosaceae;12,5;0;7
Värmland;Nordsjö;1;No;Galium uliginosum;15;3,6;5;7;5;3;Rubiaceae;22,5;0;3
Värmland;Nordsjö;1;No;Gallium mollugo;15;3,6;5;3;5;5;Rubiaceae;65;0;2
Värmland;Nordsjö;1;No;Hieracium umbellatum;15;3,6;6;3;4;4;Asteraceae;52,5;0;3
Värmland;Nordsjö;1;No;Hypericum maculatum;15;3,6;5;3;3;5;Hypericaceae;55;1;1
Värmland;Nordsjö;1;No;Juncus effusus;15;3,6;5;7;4;4;Juncaceae;80;0;2
Värmland;Nordsjö;1;No;Luzula multiflora;15;3,6;5;3;4;4;Juncaceae;30;2;3
Värmland;Nordsjö;1;No;Ranunculus acris subsp. acris;15;3,6;5;5;4;7;Ranunculaceae;45;1;7
Värmland;Nordsjö;1;No;Rumex acetosa;15;3,6;6;5;5;6;Polygonaceae;60;1;3
Värmland;Nordsjö;1;No;Veronica chamaedrys;15;3,6;4;4;5;5;Plantaginaceae;20;1;9
Värmland;Nordsjö;1;No;Vicia cracca;15;3,6;5;5;6;3;Fabaceae;60;1;3
Värmland;Nordsjö;1;Yes;Achillea millefolium;67,5;2,075;6;2;5;5;Asteraceae;45;1;1
Värmland;Nordsjö;1;Yes;Calluna vulgaris;67,5;2,075;5;4;2;2;Ericaceae;42,5;1;4
Värmland;Nordsjö;1;Yes;Gallium mollugo;67,5;2,075;5;3;5;5;Rubiaceae;65;0;7
Värmland;Nordsjö;1;Yes;Juncus effusus;67,5;2,075;5;7;4;4;Juncaceae;80;0;2
Värmland;Nordsjö;1;Yes;Lupinus polyphyllus;67,5;2,075;5;3;2;2;Fabaceae;85;-1;16
Värmland;Nykroppa Herrhult;1;No;Anthriscus sylvestris;19,375;1,0875;5;5;6;7;Apiaceae;100;-1;1
Värmland;Nykroppa Herrhult;1;No;Chamaenerion angustifolium;19,375;1,0875;5;4;3;7;Onagraceae;115;-1;4
Värmland;Nykroppa Herrhult;1;No;Daucus carota subsp. carota;19,375;1,0875;7;2;7;5;Apiaceae;55;1;7
Värmland;Nykroppa Herrhult;1;No;Fragaria vesca;19,375;1,0875;4;4;5;4;Rosaceae;12,5;0;3
Värmland;Nykroppa Herrhult;1;No;Knautia arvensis;19,375;1,0875;6;3;6;4;Caprifoliaceae;55;1;8
Värmland;Nykroppa Herrhult;1;No;Lathyrus pratensis;19,375;1,0875;6;5;5;5;Fabaceae;60;1;2
Värmland;Nykroppa Herrhult;1;No;Leucanthemum vulgare;19,375;1,0875;6;3;6;4;Asteraceae;45;1;5
Värmland;Nykroppa Herrhult;1;No;Pimpinella saxifraga;19,375;1,0875;5;3;6;3;Apiaceae;12,5;2;7
Värmland;Nykroppa Herrhult;1;No;Potentilla erecta;19,375;1,0875;5;6;4;3;Rosaceae;30;1;2
Värmland;Nykroppa Herrhult;1;No;Ranunculus acris subsp. acris;19,375;1,0875;5;5;4;7;Ranunculaceae;45;1;1
Värmland;Nykroppa Herrhult;1;No;Rhinanthus minor;19,375;1,0875;5;5;4;2;Orobanchaceae;20;2;1
Värmland;Nykroppa Herrhult;1;No;Solidago canadensis;19,375;1,0875;6;3;5;7;Asteraceae;90;-1;2
Värmland;Nykroppa Herrhult;1;No;Taraxacum;19,375;1,0875;NA;NA;NA;NA;Asteraceae;NA;1;5
Värmland;Nykroppa Herrhult;1;No;Vicia cracca;19,375;1,0875;5;5;6;3;Fabaceae;60;1;3
Värmland;Nykroppa Herrhult;1;No;Viola canina;19,375;1,0875;5;4;3;2;Violaceae;12,5;0;1
Värmland;Nykroppa Herrhult;1;Yes;Alchemilla vulgaris;58,75;0,83125;NA;NA;NA;NA;Rosaceae;25;1;3
Värmland;Nykroppa Herrhult;1;Yes;Lupinus polyphyllus;58,75;0,83125;5;3;2;2;Fabaceae;85;-1;16
Värmland;Nykroppa Herrhult;1;Yes;Ranunculus acris subsp. acris;58,75;0,83125;5;5;4;7;Ranunculaceae;45;1;2
Värmland;Nykroppa Herrhult;1;Yes;Solidago canadensis;58,75;0,83125;6;3;5;7;Asteraceae;90;-1;9
Värmland;Nykroppa Herrhult;1;Yes;Trifolium pratense;58,75;0,83125;5;5;6;4;Fabaceae;37,5;1;4
Värmland;Rämmen-Haget;1;No;Alchemilla vulgaris;11,25;0,38125;NA;NA;NA;NA;Rosaceae;25;1;1
Värmland;Rämmen-Haget;1;No;Angelica sylvestris;11,25;0,38125;5;7;4;7;Apiaceae;140;0;2
Värmland;Rämmen-Haget;1;No;Campanula rotundifolia;11,25;0,38125;6;3;5;4;Campanulaceae;30;2;1
Värmland;Rämmen-Haget;1;No;Carex leporina;11,25;0,38125;4;5;3;4;Cyperaceae;25;0;2
Värmland;Rämmen-Haget;1;No;Cirsium palustre;11,25;0,38125;6;7;4;5;Asteraceae;150;0;1
Värmland;Rämmen-Haget;1;No;Fragaria vesca;11,25;0,38125;4;4;5;4;Rosaceae;12,5;0;15
Värmland;Rämmen-Haget;1;No;Knautia arvensis;11,25;0,38125;6;3;6;4;Caprifoliaceae;55;1;6
Värmland;Rämmen-Haget;1;No;Leucanthemum vulgare;11,25;0,38125;6;3;6;4;Asteraceae;45;1;3
Värmland;Rämmen-Haget;1;No;Pilosella officinarum;11,25;0,38125;7;1;3;3;Asteraceae;12,5;2;4
Värmland;Rämmen-Haget;1;No;Potentilla erecta;11,25;0,38125;5;6;4;3;Rosaceae;30;1;8
Värmland;Rämmen-Haget;1;No;Prunella vulgaris;11,25;0,38125;5;6;6;5;Lamiaceae;15;2;1
Värmland;Rämmen-Haget;1;No;Ranunculus acris subsp. acris;11,25;0,38125;5;5;4;7;Ranunculaceae;45;1;10
Värmland;Rämmen-Haget;1;No;Rumex acetosa;11,25;0,38125;6;5;5;6;Polygonaceae;60;1;3
Värmland;Rämmen-Haget;1;No;Taraxacum;11,25;0,38125;NA;NA;NA;NA;Asteraceae;NA;1;11
Värmland;Rämmen-Haget;1;No;Tussilago farfara;11,25;0,38125;5;6;6;5;Asteraceae;12,5;0;4
Värmland;Rämmen-Haget;1;No;Veronica officinalis;11,25;0,38125;5;3;5;5;Plantaginaceae;20;0;3
Värmland;Rämmen-Haget;1;No;Viola canina;11,25;0,38125;5;4;3;2;Violaceae;12,5;0;5
Värmland;Rämmen-Haget;1;Yes;Calluna vulgaris;41,25;1,38125;5;4;2;2;Ericaceae;42,5;1;3
Värmland;Rämmen-Haget;1;Yes;Fragaria vesca;41,25;1,38125;4;4;5;4;Rosaceae;12,5;0;11
Värmland;Rämmen-Haget;1;Yes;Hieracium umbellatum;41,25;1,38125;6;3;4;4;Asteraceae;52,5;0;1
Värmland;Rämmen-Haget;1;Yes;Leucanthemum vulgare;41,25;1,38125;6;3;6;4;Asteraceae;45;1;2
Värmland;Rämmen-Haget;1;Yes;Lupinus polyphyllus;41,25;1,38125;5;3;2;2;Fabaceae;85;-1;13
Värmland;Rämmen-Haget;1;Yes;Potentilla erecta;41,25;1,38125;5;6;4;3;Rosaceae;30;1;1
Värmland;Rämmen-Haget;1;Yes;Ranunculus acris subsp. acris;41,25;1,38125;5;5;4;7;Ranunculaceae;45;1;2
Värmland;Rämmen-Haget;1;Yes;Taraxacum;41,25;1,38125;NA;NA;NA;NA;Asteraceae;NA;1;3
Värmland;Rämmen-Haget;1;Yes;Trifolium pratense;41,25;1,38125;5;5;6;4;Fabaceae;37,5;1;3
Värmland;Rämmen-Haget;1;Yes;Tussilago farfara;41,25;1,38125;5;6;6;5;Asteraceae;12,5;0;6
Värmland;Snavlunda äng;1;No;Achillea millefolium;6,875;0,65625;6;2;5;5;Asteraceae;45;1;3
Värmland;Snavlunda äng;1;No;Alchemilla vulgaris;6,875;0,65625;NA;NA;NA;NA;Rosaceae;25;1;2
Värmland;Snavlunda äng;1;No;Anthyllis vulneraria;6,875;0,65625;7;3;7;3;Fabaceae;32,5;0;3
Värmland;Snavlunda äng;1;No;Daucus carota subsp. carota;6,875;0,65625;7;2;7;5;Apiaceae;55;1;6
Värmland;Snavlunda äng;1;No;Dianthus deltoides;6,875;0,65625;7;2;6;3;Caryophyllaceae;20;2;1
Värmland;Snavlunda äng;1;No;Hypericum perforatum;6,875;0,65625;6;2;5;4;Hypericaceae;50;2;2
Värmland;Snavlunda äng;1;No;Lotus corniculatus;6,875;0,65625;6;3;5;3;Fabaceae;40;2;5
Värmland;Snavlunda äng;1;No;Pimpinella saxifraga;6,875;0,65625;5;3;6;3;Apiaceae;12,5;2;9
Värmland;Snavlunda äng;1;No;Plantago major;6,875;0,65625;5;4;5;5;Plantaginaceae;30;1;9
Värmland;Snavlunda äng;1;No;Potentilla argentea;6,875;0,65625;7;2;4;2;Rosaceae;25;1;6
Värmland;Snavlunda äng;1;No;Ranunculus acris subsp. acris;6,875;0,65625;5;5;4;7;Ranunculaceae;45;1;2
Värmland;Snavlunda äng;1;No;Rumex acetosella;6,875;0,65625;6;2;3;2;Polygonaceae;25;2;1
Värmland;Snavlunda äng;1;No;Silene vulgaris;6,875;0,65625;6;3;6;5;Caryophyllaceae;55;1;2
Värmland;Snavlunda äng;1;No;Stellaria longifolia;6,875;0,65625;4;5;4;6;Caryophyllaceae;90;0;1
Värmland;Snavlunda äng;1;No;Taraxacum;6,875;0,65625;NA;NA;NA;NA;Asteraceae;NA;1;5
Värmland;Snavlunda äng;1;No;Trifolium aureoum;6,875;0,65625;6;2;6;3;Fabaceae;22,5;2;1
Värmland;Snavlunda äng;1;No;Trifolium hybridum;6,875;0,65625;6;4;6;4;Fabaceae;35;1;2
Värmland;Snavlunda äng;1;No;Trifolium pratense;6,875;0,65625;5;5;6;4;Fabaceae;37,5;1;8
Värmland;Snavlunda äng;1;No;Verbascum nigrum;6,875;0,65625;6;2;5;5;Scrophulariaceae;70;0;4
Värmland;Snavlunda äng;1;Yes;Campanula rotundifolia;52,5;2,6375;6;3;5;4;Campanulaceae;30;2;6
Värmland;Snavlunda äng;1;Yes;Lupinus polyphyllus;52,5;2,6375;5;3;2;2;Fabaceae;85;-1;14
Värmland;Snavlunda äng;1;Yes;Trifolium hybridum;52,5;2,6375;6;4;6;4;Fabaceae;35;1;3
Värmland;Snavlunda äng;1;Yes;Trifolium pratense;52,5;2,6375;5;5;6;4;Fabaceae;37,5;1;5
Värmland;Stavkärr/Svinnersta;3;No;Achillea millefolium;10;2,9;6;2;5;5;Asteraceae;45;1;3
Värmland;Stavkärr/Svinnersta;3;No;Daucus carota subsp. carota;10;2,9;7;2;7;5;Apiaceae;55;1;3
Värmland;Stavkärr/Svinnersta;3;No;Fragaria vesca;10;2,9;4;4;5;4;Rosaceae;12,5;0;1
Värmland;Stavkärr/Svinnersta;3;No;Geum rivale;10;2,9;4;6;6;6;Rosaceae;35;1;2
Värmland;Stavkärr/Svinnersta;3;No;Hypericum maculatum;10;2,9;5;3;3;5;Hypericaceae;55;1;16
Värmland;Stavkärr/Svinnersta;3;No;Lathyrus linifolius;10;2,9;4;3;3;3;Fabaceae;25;1;6
Värmland;Stavkärr/Svinnersta;3;No;Lotus corniculatus;10;2,9;6;3;5;3;Fabaceae;40;2;14
Värmland;Stavkärr/Svinnersta;3;No;Melampyrum sylvaticum;10;2,9;3;4;5;4;Orobanchaceae;20;0;16
Värmland;Stavkärr/Svinnersta;3;No;Pimpinella saxifraga;10;2,9;5;3;6;3;Apiaceae;12,5;2;1
Värmland;Stavkärr/Svinnersta;3;No;Plantago lanceolata;10;2,9;6;3;5;4;Plantaginaceae;40;1;3
Värmland;Stavkärr/Svinnersta;3;No;Succisa pratensis;10;2,9;5;6;5;2;Caprifoliaceae;42,5;1;8
Värmland;Stavkärr/Svinnersta;3;No;Trifolium repens;10;2,9;6;5;6;4;Fabaceae;20;1;1
Värmland;Stavkärr/Svinnersta;3;No;Veronica chamaedrys;10;2,9;4;4;5;5;Plantaginaceae;20;1;9
Värmland;Stavkärr/Svinnersta;3;No;Vicia cracca;10;2,9;5;5;6;3;Fabaceae;60;1;7
Värmland;Stavkärr/Svinnersta;3;Yes;Achillea millefolium;86,25;2,90625;6;2;5;5;Asteraceae;45;1;3
Värmland;Stavkärr/Svinnersta;3;Yes;Fragaria vesca;86,25;2,90625;4;4;5;4;Rosaceae;12,5;0;3
Värmland;Stavkärr/Svinnersta;3;Yes;Hypericum maculatum;86,25;2,90625;5;3;3;5;Hypericaceae;55;1;3
Värmland;Stavkärr/Svinnersta;3;Yes;Knautia arvensis;86,25;2,90625;6;3;6;4;Caprifoliaceae;55;1;1
Värmland;Stavkärr/Svinnersta;3;Yes;Lathyrus linifolius;86,25;2,90625;4;3;3;3;Fabaceae;25;1;3
Värmland;Stavkärr/Svinnersta;3;Yes;Lupinus polyphyllus;86,25;2,90625;5;3;2;2;Fabaceae;85;-1;14
Värmland;Stavkärr/Svinnersta;3;Yes;Melampyrum sylvaticum;86,25;2,90625;3;4;5;4;Orobanchaceae;20;0;4
Värmland;Stavkärr/Svinnersta;3;Yes;Plantago lanceolata;86,25;2,90625;6;3;5;4;Plantaginaceae;40;1;1
Värmland;Stavkärr/Svinnersta;3;Yes;Veronica chamaedrys;86,25;2,90625;4;4;5;5;Plantaginaceae;20;1;2
Värmland;Torsked;1;No;Carex pallescens;11,875;2,4375;5;5;3;4;Cyperaceae;42,5;1;3
Värmland;Torsked;1;No;Convallaria majalis;11,875;2,4375;2;5;4;4;Asparagaceae;17,5;0;15
Värmland;Torsked;1;No;Geranium sylvaticum;11,875;2,4375;4;5;5;5;Geraniaceae;47,5;0;8
Värmland;Torsked;1;No;Hypericum maculatum;11,875;2,4375;5;3;3;5;Hypericaceae;55;1;1
Värmland;Torsked;1;No;Lathyrus pratensis;11,875;2,4375;6;5;5;5;Fabaceae;60;1;1
Värmland;Torsked;1;No;Luzula pilosa;11,875;2,4375;3;4;2;4;Juncaceae;17,5;0;2
Värmland;Torsked;1;No;Ranunculus acris subsp. acris;11,875;2,4375;5;5;4;7;Ranunculaceae;45;1;2
Värmland;Torsked;1;No;Rubus saxatilis;11,875;2,4375;3;5;5;5;Rosaceae;22,5;-1;13
Värmland;Torsked;1;No;Vicia cracca;11,875;2,4375;5;5;6;3;Fabaceae;60;1;2
Värmland;Torsked;1;Yes;Campanula persicifolia;31,25;2,81875;5;3;6;5;Campanulaceae;65;1;1
Värmland;Torsked;1;Yes;Fragaria vesca;31,25;2,81875;4;4;5;4;Rosaceae;12,5;0;5
Värmland;Torsked;1;Yes;Lupinus polyphyllus;31,25;2,81875;5;3;2;2;Fabaceae;85;-1;16
Värmland;Torsked;1;Yes;Luzula multiflora;31,25;2,81875;5;3;4;4;Juncaceae;30;2;3
Värmland;Torsked;1;Yes;Luzula pallescens;31,25;2,81875;5;3;3;4;Juncaceae;20;1;1
Värmland;Torsked;1;Yes;Ranunculus acris subsp. acris;31,25;2,81875;5;5;4;7;Ranunculaceae;45;1;2
